,time,open,high,low,close,tick_volume,spread,real_volume,data,M9,M20,M200
0,1636390500,1.159,1.15909,1.15872,1.15884,268,5,0,2021-11-08 16:55:00,,,
1,1636390800,1.15883,1.1589800000000001,1.15872,1.15882,260,5,0,2021-11-08 17:00:00,,,
2,1636391100,1.15884,1.15899,1.15848,1.1586400000000001,194,5,0,2021-11-08 17:05:00,,,
3,1636391400,1.1586400000000001,1.1587,1.15842,1.1586,184,5,0,2021-11-08 17:10:00,,,
4,1636391700,1.15861,1.15878,1.15854,1.15866,203,5,0,2021-11-08 17:15:00,,,
5,1636392000,1.15865,1.15894,1.15858,1.15891,135,5,0,2021-11-08 17:20:00,,,
6,1636392300,1.15893,1.159,1.15882,1.15883,109,5,0,2021-11-08 17:25:00,,,
7,1636392600,1.15883,1.15894,1.15873,1.15873,125,5,0,2021-11-08 17:30:00,,,
8,1636392900,1.15872,1.15894,1.15862,1.15887,162,5,0,2021-11-08 17:35:00,1.1587666666666667,,
9,1636393200,1.15887,1.15914,1.15887,1.15907,116,5,0,2021-11-08 17:40:00,1.1587922222222222,,
10,1636393500,1.15907,1.15945,1.15899,1.15945,320,5,0,2021-11-08 17:45:00,1.1588622222222222,,
11,1636393800,1.15944,1.15945,1.15892,1.15906,195,5,0,2021-11-08 17:50:00,1.158908888888889,,
12,1636394100,1.15907,1.15918,1.15892,1.1590799999999999,162,5,0,2021-11-08 17:55:00,1.1589622222222222,,
13,1636394400,1.15907,1.1591,1.15891,1.15895,166,5,0,2021-11-08 18:00:00,1.1589944444444444,,
14,1636394700,1.15893,1.15903,1.15883,1.15884,134,5,0,2021-11-08 18:05:00,1.1589866666666664,,
15,1636395000,1.15886,1.1591,1.15883,1.15907,74,5,0,2021-11-08 18:10:00,1.1590133333333332,,
16,1636395300,1.15909,1.15914,1.15896,1.15896,75,5,0,2021-11-08 18:15:00,1.1590388888888887,,
17,1636395600,1.15893,1.15917,1.15889,1.15901,120,5,0,2021-11-08 18:20:00,1.1590544444444442,,
18,1636395900,1.15902,1.1590799999999999,1.15887,1.1589,82,5,0,2021-11-08 18:25:00,1.1590355555555556,,
19,1636396200,1.15891,1.15905,1.15887,1.15904,91,5,0,2021-11-08 18:30:00,1.1589900000000002,1.1589165,
20,1636396500,1.15904,1.15906,1.15891,1.15897,85,5,0,2021-11-08 18:35:00,1.1589800000000001,1.158923,
21,1636396800,1.1589800000000001,1.15905,1.15868,1.15877,92,5,0,2021-11-08 18:40:00,1.1589455555555557,1.1589205,
22,1636397100,1.15877,1.1588,1.15856,1.15859,49,5,0,2021-11-08 18:45:00,1.1589055555555556,1.1589180000000001,
23,1636397400,1.15861,1.15861,1.15832,1.15848,110,5,0,2021-11-08 18:50:00,1.1588655555555556,1.1589120000000002,
24,1636397700,1.15845,1.15861,1.15839,1.15856,97,5,0,2021-11-08 18:55:00,1.158808888888889,1.1589070000000001,
25,1636398000,1.15854,1.15871,1.15831,1.15844,221,5,0,2021-11-08 19:00:00,1.158751111111111,1.1588835000000002,
26,1636398300,1.15843,1.15859,1.15839,1.15857,122,5,0,2021-11-08 19:05:00,1.158702222222222,1.1588705000000004,
27,1636398600,1.15856,1.15861,1.15844,1.15855,110,5,0,2021-11-08 19:10:00,1.1586633333333334,1.1588615000000004,
28,1636398900,1.15854,1.15858,1.15839,1.15857,86,5,0,2021-11-08 19:15:00,1.1586111111111113,1.1588465000000006,
29,1636399200,1.15859,1.15877,1.15859,1.15867,110,5,0,2021-11-08 19:20:00,1.1585777777777782,1.1588265000000004,
30,1636399500,1.15866,1.15889,1.1586400000000001,1.1587399999999999,76,5,0,2021-11-08 19:25:00,1.1585744444444446,1.1587910000000003,
31,1636399800,1.1587399999999999,1.1587399999999999,1.15859,1.1586,51,5,0,2021-11-08 19:30:00,1.1585755555555557,1.1587680000000005,
32,1636400100,1.15861,1.1587399999999999,1.15854,1.15872,73,5,0,2021-11-08 19:35:00,1.1586022222222225,1.1587500000000004,
33,1636400400,1.1587399999999999,1.15875,1.15863,1.15866,79,5,0,2021-11-08 19:40:00,1.1586133333333337,1.1587355000000004,
34,1636400700,1.15867,1.15882,1.15862,1.1588,60,5,0,2021-11-08 19:45:00,1.1586533333333335,1.1587335000000003,
35,1636401000,1.15877,1.15883,1.1587,1.15871,39,5,0,2021-11-08 19:50:00,1.158668888888889,1.1587155000000002,
36,1636401300,1.15872,1.15877,1.15867,1.1587,69,5,0,2021-11-08 19:55:00,1.1586855555555555,1.1587025000000002,
37,1636401600,1.15872,1.15883,1.1587,1.15875,57,5,0,2021-11-08 20:00:00,1.1587055555555557,1.1586895000000004,
38,1636401900,1.1587399999999999,1.15895,1.1587,1.1589,52,5,0,2021-11-08 20:05:00,1.1587311111111112,1.1586895000000004,
39,1636402200,1.15891,1.15893,1.15872,1.15872,55,5,0,2021-11-08 20:10:00,1.158728888888889,1.1586735000000004,
40,1636402500,1.15873,1.15877,1.15858,1.15866,76,5,0,2021-11-08 20:15:00,1.1587355555555556,1.1586580000000004,
41,1636402800,1.15865,1.15868,1.15856,1.15867,46,5,0,2021-11-08 20:20:00,1.15873,1.1586530000000004,
42,1636403100,1.15867,1.15868,1.15856,1.1586,32,5,0,2021-11-08 20:25:00,1.1587233333333335,1.1586535000000002,
43,1636403400,1.1586,1.1587399999999999,1.1586,1.15871,67,5,0,2021-11-08 20:30:00,1.1587133333333335,1.1586650000000003,
44,1636403700,1.15871,1.15882,1.15871,1.15877,37,5,0,2021-11-08 20:35:00,1.1587200000000002,1.1586755000000002,
45,1636404000,1.15877,1.15882,1.15869,1.15881,46,5,0,2021-11-08 20:40:00,1.1587322222222225,1.1586940000000001,
46,1636404300,1.15881,1.15881,1.15863,1.15865,42,5,0,2021-11-08 20:45:00,1.1587211111111115,1.1586980000000002,
47,1636404600,1.15865,1.15872,1.15863,1.15866,57,5,0,2021-11-08 20:50:00,1.158694444444445,1.1587035,
48,1636404900,1.15867,1.15893,1.15867,1.15887,143,5,0,2021-11-08 20:55:00,1.1587111111111115,1.1587185000000002,
49,1636405200,1.15888,1.15904,1.15881,1.15882,176,5,0,2021-11-08 21:00:00,1.1587288888888894,1.1587260000000001,
50,1636405500,1.15883,1.15886,1.15821,1.15833,165,5,0,2021-11-08 21:05:00,1.1586911111111116,1.1587055,
51,1636405800,1.1583700000000001,1.15861,1.15836,1.15857,92,5,0,2021-11-08 21:10:00,1.1586877777777782,1.158704,
52,1636406100,1.1586,1.1588,1.15859,1.15875,94,5,0,2021-11-08 21:15:00,1.1586922222222227,1.1587055000000002,
53,1636406400,1.15877,1.15882,1.15873,1.15882,59,5,0,2021-11-08 21:20:00,1.1586977777777783,1.1587135,
54,1636406700,1.15882,1.15887,1.15869,1.15882,83,5,0,2021-11-08 21:25:00,1.1586988888888896,1.1587144999999999,
55,1636407000,1.15881,1.15882,1.15871,1.15878,41,5,0,2021-11-08 21:30:00,1.158713333333334,1.158718,
56,1636407300,1.1588,1.15892,1.15879,1.15884,50,5,0,2021-11-08 21:35:00,1.158733333333334,1.158725,
57,1636407600,1.15884,1.15886,1.15879,1.15884,44,5,0,2021-11-08 21:40:00,1.1587300000000007,1.1587295000000002,
58,1636407900,1.15884,1.15884,1.15872,1.15873,58,5,0,2021-11-08 21:45:00,1.1587200000000006,1.1587210000000001,
59,1636408200,1.15873,1.15906,1.15872,1.15897,100,5,0,2021-11-08 21:50:00,1.1587911111111118,1.1587335,
60,1636408500,1.15889,1.159,1.1587399999999999,1.15884,108,9,0,2021-11-08 21:55:00,1.158821111111112,1.1587425000000002,
61,1636408800,1.15884,1.15907,1.15881,1.15894,83,10,0,2021-11-08 22:00:00,1.158842222222223,1.1587560000000001,
62,1636409100,1.15893,1.15901,1.1589,1.15894,51,9,0,2021-11-08 22:05:00,1.1588555555555562,1.1587730000000003,
63,1636409400,1.15895,1.15907,1.15895,1.15904,35,9,0,2021-11-08 22:10:00,1.1588800000000008,1.1587895000000004,
64,1636409700,1.15904,1.1590799999999999,1.15896,1.15899,42,9,0,2021-11-08 22:15:00,1.1589033333333338,1.1588005000000003,
65,1636410000,1.15897,1.159,1.15879,1.15888,53,8,0,2021-11-08 22:20:00,1.1589077777777783,1.1588040000000004,
66,1636410300,1.15888,1.15894,1.15876,1.15882,48,9,0,2021-11-08 22:25:00,1.1589055555555563,1.1588125000000002,
67,1636410600,1.1588,1.15884,1.15873,1.15873,43,9,0,2021-11-08 22:30:00,1.1589055555555563,1.158816,
68,1636410900,1.15875,1.15876,1.15861,1.1587,36,8,0,2021-11-08 22:35:00,1.1588755555555563,1.1588075,
69,1636411200,1.15869,1.1587,1.15862,1.15863,29,11,0,2021-11-08 22:40:00,1.158852222222223,1.158798,
70,1636411500,1.15862,1.1587,1.15862,1.15863,47,10,0,2021-11-08 22:45:00,1.1588177777777786,1.1588129999999999,
71,1636411800,1.15863,1.15876,1.15863,1.1586400000000001,57,10,0,2021-11-08 22:50:00,1.1587844444444455,1.1588165,
72,1636412100,1.15871,1.15872,1.15846,1.15861,74,11,0,2021-11-08 22:55:00,1.1587366666666676,1.1588094999999998,
73,1636412400,1.15859,1.15861,1.15831,1.15849,12,31,0,2021-11-08 23:00:00,1.1586811111111122,1.158793,
74,1636412700,1.15849,1.15849,1.15838,1.15849,8,51,0,2021-11-08 23:05:00,1.158637777777779,1.1587765,
75,1636413000,1.15839,1.15849,1.15831,1.15849,10,28,0,2021-11-08 23:10:00,1.1586011111111123,1.158762,
76,1636413300,1.15849,1.15851,1.15831,1.15851,10,51,0,2021-11-08 23:15:00,1.1585766666666677,1.1587455,
77,1636413600,1.15851,1.1587,1.15835,1.15863,26,28,0,2021-11-08 23:20:00,1.15856888888889,1.1587349999999998,
78,1636413900,1.15863,1.15865,1.15853,1.15865,16,15,0,2021-11-08 23:25:00,1.1585711111111123,1.158731,
79,1636414200,1.15865,1.1587,1.15865,1.15869,19,27,0,2021-11-08 23:30:00,1.1585777777777788,1.158717,
80,1636414500,1.1587,1.15878,1.15859,1.15869,66,20,0,2021-11-08 23:35:00,1.1585833333333344,1.1587095,
81,1636414800,1.15869,1.15869,1.15852,1.15853,42,11,0,2021-11-08 23:40:00,1.1585744444444457,1.1586889999999999,
82,1636415100,1.15853,1.1586400000000001,1.15851,1.15862,30,15,0,2021-11-08 23:45:00,1.15858888888889,1.1586729999999998,
83,1636415400,1.1586400000000001,1.1586400000000001,1.15858,1.1586400000000001,11,16,0,2021-11-08 23:50:00,1.1586055555555566,1.1586529999999997,
84,1636415700,1.15872,1.15873,1.15844,1.15848,52,10,0,2021-11-08 23:55:00,1.1586044444444452,1.1586274999999997,
85,1636416000,1.15849,1.15867,1.15849,1.15859,83,6,0,2021-11-09 00:00:00,1.1586133333333342,1.1586129999999997,
86,1636416300,1.15857,1.15869,1.15857,1.15868,44,5,0,2021-11-09 00:05:00,1.1586188888888898,1.1586059999999998,
87,1636416600,1.15866,1.15867,1.15858,1.15863,47,5,0,2021-11-09 00:10:00,1.1586166666666677,1.1586009999999998,
88,1636416900,1.15863,1.15872,1.1586,1.15865,46,6,0,2021-11-09 00:15:00,1.1586122222222233,1.1585984999999999,
89,1636417200,1.1586400000000001,1.15869,1.15857,1.15863,45,5,0,2021-11-09 00:20:00,1.1586055555555566,1.1585984999999999,
90,1636417500,1.15861,1.15863,1.15845,1.15845,41,5,0,2021-11-09 00:25:00,1.1585966666666676,1.1585895,
91,1636417800,1.1584699999999999,1.15855,1.1584699999999999,1.15854,39,5,0,2021-11-09 00:30:00,1.1585877777777787,1.1585844999999997,
92,1636418100,1.15854,1.15866,1.15853,1.1586400000000001,56,5,0,2021-11-09 00:35:00,1.1585877777777787,1.1585859999999997,
93,1636418400,1.1586400000000001,1.15868,1.1586,1.1586,50,5,0,2021-11-09 00:40:00,1.158601111111112,1.1585914999999996,
94,1636418700,1.15856,1.1586,1.1585,1.1586,25,5,0,2021-11-09 00:45:00,1.1586022222222232,1.1585969999999997,
95,1636419000,1.15859,1.15868,1.15859,1.1586400000000001,68,5,0,2021-11-09 00:50:00,1.1585977777777787,1.1586044999999996,
96,1636419300,1.1586400000000001,1.15875,1.15863,1.1587399999999999,47,5,0,2021-11-09 00:55:00,1.1586100000000008,1.1586159999999996,
97,1636419600,1.15877,1.15897,1.15865,1.15893,94,5,0,2021-11-09 01:00:00,1.158641111111112,1.1586309999999997,
98,1636419900,1.15895,1.15906,1.15879,1.15879,97,5,0,2021-11-09 01:05:00,1.1586588888888896,1.1586379999999996,
99,1636420200,1.15879,1.15885,1.15871,1.15882,55,5,0,2021-11-09 01:10:00,1.1587000000000007,1.1586444999999996,
100,1636420500,1.1588,1.1588,1.15855,1.15859,70,5,0,2021-11-09 01:15:00,1.1587055555555563,1.1586394999999996,
101,1636420800,1.1586,1.15868,1.15854,1.15863,59,5,0,2021-11-09 01:20:00,1.1587044444444452,1.1586444999999996,
102,1636421100,1.1586400000000001,1.1586400000000001,1.15849,1.15849,57,5,0,2021-11-09 01:25:00,1.1586922222222231,1.1586379999999996,
103,1636421400,1.15848,1.15854,1.15839,1.15839,58,5,0,2021-11-09 01:30:00,1.1586688888888899,1.1586254999999996,
104,1636421700,1.15838,1.15838,1.15826,1.15833,87,5,0,2021-11-09 01:35:00,1.1586344444444454,1.1586179999999995,
105,1636422000,1.15833,1.15834,1.15816,1.15816,52,5,0,2021-11-09 01:40:00,1.158570000000001,1.1585964999999994,
106,1636422300,1.15817,1.15817,1.15799,1.15807,77,5,0,2021-11-09 01:45:00,1.1584744444444455,1.1585659999999993,
107,1636422600,1.15806,1.15807,1.15796,1.15806,90,5,0,2021-11-09 01:50:00,1.1583933333333345,1.1585374999999993,
108,1636422900,1.1580300000000001,1.15807,1.15788,1.15806,88,5,0,2021-11-09 01:55:00,1.1583088888888902,1.1585079999999992,
109,1636423200,1.15806,1.15816,1.1579,1.1581299999999999,97,5,0,2021-11-09 02:00:00,1.158257777777779,1.1584829999999993,
110,1636423500,1.1581299999999999,1.15832,1.1581299999999999,1.15816,71,5,0,2021-11-09 02:05:00,1.1582055555555568,1.1584684999999992,
111,1636423800,1.15816,1.15826,1.15811,1.15815,63,5,0,2021-11-09 02:10:00,1.158167777777779,1.1584489999999994,
112,1636424100,1.1581299999999999,1.15844,1.1581299999999999,1.1584,81,5,0,2021-11-09 02:15:00,1.1581688888888901,1.1584369999999993,
113,1636424400,1.15841,1.1586,1.15841,1.15857,83,5,0,2021-11-09 02:20:00,1.158195555555557,1.1584354999999993,
114,1636424700,1.15857,1.15858,1.15835,1.15838,124,5,0,2021-11-09 02:25:00,1.1582200000000011,1.1584244999999993,
115,1636425000,1.15838,1.15843,1.15802,1.15808,109,5,0,2021-11-09 02:30:00,1.1582211111111123,1.1583964999999992,
116,1636425300,1.15808,1.15831,1.15805,1.15823,130,5,0,2021-11-09 02:35:00,1.158240000000001,1.1583709999999992,
117,1636425600,1.15823,1.15829,1.15808,1.15809,83,5,0,2021-11-09 02:40:00,1.1582433333333342,1.158328999999999,
118,1636425900,1.15809,1.15809,1.15787,1.15789,91,5,0,2021-11-09 02:45:00,1.1582166666666676,1.158283999999999,
119,1636426200,1.15789,1.15799,1.15774,1.15782,106,5,0,2021-11-09 02:50:00,1.1581788888888898,1.158233999999999,
120,1636426500,1.15785,1.1580300000000001,1.15769,1.15799,122,5,0,2021-11-09 02:55:00,1.158161111111112,1.1582039999999991,
121,1636426800,1.15798,1.15872,1.15793,1.15871,221,5,0,2021-11-09 03:00:00,1.1581955555555563,1.1582079999999992,
122,1636427100,1.15872,1.15872,1.15822,1.1583700000000001,277,5,0,2021-11-09 03:05:00,1.1581733333333342,1.1582019999999993,
123,1636427400,1.15838,1.15845,1.15823,1.15838,229,5,0,2021-11-09 03:10:00,1.1581733333333342,1.1582014999999992,
124,1636427700,1.15838,1.15846,1.15823,1.15823,141,5,0,2021-11-09 03:15:00,1.1581900000000007,1.1581964999999994,
125,1636428000,1.15824,1.15854,1.15823,1.15845,107,5,0,2021-11-09 03:20:00,1.1582144444444453,1.1582109999999992,
126,1636428300,1.15845,1.15846,1.15832,1.15833,44,5,0,2021-11-09 03:25:00,1.158241111111112,1.1582239999999993,
127,1636428600,1.15833,1.15839,1.15822,1.15832,84,5,0,2021-11-09 03:30:00,1.1582888888888896,1.1582369999999993,
128,1636428900,1.15832,1.15838,1.15823,1.15823,50,5,0,2021-11-09 03:35:00,1.1583344444444452,1.1582454999999994,
129,1636429200,1.15824,1.1583,1.15822,1.15823,64,5,0,2021-11-09 03:40:00,1.1583611111111118,1.1582504999999994,
130,1636429500,1.15823,1.1583,1.1581299999999999,1.15826,96,5,0,2021-11-09 03:45:00,1.158311111111112,1.1582554999999994,
131,1636429800,1.15827,1.15853,1.15826,1.1584699999999999,99,5,0,2021-11-09 03:50:00,1.1583222222222231,1.1582714999999995,
132,1636430100,1.1584699999999999,1.15854,1.1583700000000001,1.15845,153,5,0,2021-11-09 03:55:00,1.158330000000001,1.1582739999999994,
133,1636430400,1.15845,1.15853,1.15829,1.1585,89,5,0,2021-11-09 04:00:00,1.158360000000001,1.1582704999999993,
134,1636430700,1.15848,1.15871,1.15838,1.15867,70,5,0,2021-11-09 04:05:00,1.1583844444444455,1.1582849999999993,
135,1636431000,1.15867,1.15875,1.15845,1.15855,188,5,0,2021-11-09 04:10:00,1.1584088888888902,1.1583084999999993,
136,1636431300,1.15852,1.1588,1.1585,1.15872,115,5,0,2021-11-09 04:15:00,1.1584533333333347,1.1583329999999994,
137,1636431600,1.15872,1.15884,1.15863,1.15875,96,5,0,2021-11-09 04:20:00,1.1585111111111124,1.1583659999999993,
138,1636431900,1.15875,1.15875,1.15857,1.15862,124,5,0,2021-11-09 04:25:00,1.1585544444444456,1.1584024999999993,
139,1636432200,1.1586,1.15867,1.15854,1.15857,107,5,0,2021-11-09 04:30:00,1.15858888888889,1.1584399999999992,
140,1636432500,1.15855,1.15857,1.15833,1.15833,157,5,0,2021-11-09 04:35:00,1.1585733333333343,1.1584569999999992,
141,1636432800,1.15835,1.1584699999999999,1.15832,1.15843,207,5,0,2021-11-09 04:40:00,1.158571111111112,1.1584429999999992,
142,1636433100,1.15844,1.15854,1.1583,1.15832,65,5,0,2021-11-09 04:45:00,1.158551111111112,1.158440499999999,
143,1636433400,1.1583,1.15854,1.1583,1.1584699999999999,143,5,0,2021-11-09 04:50:00,1.1585288888888896,1.158444999999999,
144,1636433700,1.15846,1.15852,1.15833,1.15849,106,5,0,2021-11-09 04:55:00,1.1585222222222231,1.158457999999999,
145,1636434000,1.15848,1.15904,1.15848,1.15896,92,5,0,2021-11-09 05:00:00,1.1585488888888897,1.1584834999999993,
146,1636434300,1.15897,1.15923,1.15894,1.15918,88,5,0,2021-11-09 05:05:00,1.1585966666666674,1.1585259999999993,
147,1636434600,1.15919,1.15929,1.15913,1.15927,159,5,0,2021-11-09 05:10:00,1.1586688888888896,1.1585734999999993,
148,1636434900,1.15929,1.15941,1.1592500000000001,1.15933,112,5,0,2021-11-09 05:15:00,1.1587533333333342,1.1586284999999994,
149,1636435200,1.15933,1.15948,1.15931,1.15943,119,5,0,2021-11-09 05:20:00,1.1588755555555563,1.1586884999999993,
150,1636435500,1.15942,1.15949,1.1593,1.15932,98,5,0,2021-11-09 05:25:00,1.1589744444444454,1.1587414999999994,
151,1636435800,1.15929,1.15939,1.15924,1.1593499999999999,80,5,0,2021-11-09 05:30:00,1.1590888888888897,1.1587854999999994,
152,1636436100,1.1593499999999999,1.15958,1.1593499999999999,1.15945,89,5,0,2021-11-09 05:35:00,1.1591977777777787,1.1588354999999995,
153,1636436400,1.15945,1.15972,1.15945,1.15968,87,5,0,2021-11-09 05:40:00,1.1593300000000009,1.1588944999999995,
154,1636436700,1.15966,1.1598,1.15966,1.15978,103,5,0,2021-11-09 05:45:00,1.159421111111112,1.1589499999999995,
155,1636437000,1.15977,1.15987,1.15975,1.1598600000000001,43,5,0,2021-11-09 05:50:00,1.1594966666666675,1.1590154999999995,
156,1636437300,1.15987,1.15991,1.15961,1.15968,94,5,0,2021-11-09 05:55:00,1.1595422222222231,1.1590634999999998,
157,1636437600,1.15967,1.15992,1.15965,1.15992,88,5,0,2021-11-09 06:00:00,1.1596077777777785,1.1591219999999995,
158,1636437900,1.15989,1.16006,1.15989,1.16002,66,5,0,2021-11-09 06:05:00,1.159673333333334,1.1591919999999996,
159,1636438200,1.16002,1.1601,1.15999,1.15999,53,5,0,2021-11-09 06:10:00,1.1597477777777785,1.1592629999999997,
160,1636438500,1.15999,1.16006,1.15993,1.15998,61,5,0,2021-11-09 06:15:00,1.1598177777777785,1.1593454999999997,
161,1636438800,1.15999,1.16009,1.15998,1.16004,77,5,0,2021-11-09 06:20:00,1.159883333333334,1.1594259999999996,
162,1636439100,1.16004,1.1601,1.16001,1.16003,74,5,0,2021-11-09 06:25:00,1.159922222222223,1.1595114999999996,
163,1636439400,1.16004,1.16033,1.16002,1.16032,110,5,0,2021-11-09 06:30:00,1.1599822222222231,1.1596039999999994,
164,1636439700,1.1602999999999999,1.16041,1.16027,1.1602999999999999,96,5,0,2021-11-09 06:35:00,1.160031111111112,1.1596944999999994,
165,1636440000,1.16029,1.16042,1.16025,1.16042,69,5,0,2021-11-09 06:40:00,1.1601133333333342,1.1597674999999994,
166,1636440300,1.16041,1.16061,1.16038,1.16046,130,5,0,2021-11-09 06:45:00,1.1601733333333342,1.1598314999999995,
167,1636440600,1.16045,1.16048,1.16036,1.16044,89,5,0,2021-11-09 06:50:00,1.160220000000001,1.1598899999999994,
168,1636440900,1.16043,1.16043,1.15993,1.15993,159,5,0,2021-11-09 06:55:00,1.160213333333334,1.1599199999999994,
169,1636441200,1.15992,1.16028,1.15992,1.16027,107,5,0,2021-11-09 07:00:00,1.1602455555555562,1.1599619999999995,
170,1636441500,1.16026,1.16049,1.16023,1.16046,92,5,0,2021-11-09 07:05:00,1.160292222222223,1.1600189999999995,
171,1636441800,1.16045,1.16061,1.16037,1.1605699999999999,96,5,0,2021-11-09 07:10:00,1.160352222222223,1.1600799999999993,
172,1636442100,1.1605699999999999,1.1606,1.16045,1.16046,76,5,0,2021-11-09 07:15:00,1.1603677777777783,1.1601304999999995,
173,1636442400,1.1604700000000001,1.16055,1.16032,1.16032,121,5,0,2021-11-09 07:20:00,1.1603700000000008,1.1601624999999993,
174,1636442700,1.16033,1.1604700000000001,1.16028,1.16033,131,5,0,2021-11-09 07:25:00,1.1603600000000007,1.1601899999999994,
175,1636443000,1.1602999999999999,1.16031,1.16005,1.1602000000000001,109,5,0,2021-11-09 07:30:00,1.1603311111111116,1.1602069999999993,
176,1636443300,1.16019,1.16027,1.16002,1.16013,110,5,0,2021-11-09 07:35:00,1.1602966666666674,1.1602294999999991,
177,1636443600,1.16013,1.16019,1.15992,1.15993,129,5,0,2021-11-09 07:40:00,1.1602966666666674,1.160229999999999,
178,1636443900,1.15995,1.16003,1.15984,1.15984,65,5,0,2021-11-09 07:45:00,1.1602488888888896,1.160220999999999,
179,1636444200,1.1598600000000001,1.16009,1.15974,1.16005,136,5,0,2021-11-09 07:50:00,1.160203333333334,1.160223999999999,
180,1636444500,1.16006,1.16006,1.15967,1.1596899999999999,113,5,0,2021-11-09 07:55:00,1.160105555555556,1.1602094999999992,
181,1636444800,1.1597,1.1599599999999999,1.15962,1.15968,260,5,0,2021-11-09 08:00:00,1.1600188888888894,1.1601914999999994,
182,1636445100,1.15968,1.16004,1.1596,1.16004,200,5,0,2021-11-09 08:05:00,1.1599877777777783,1.1601919999999992,
183,1636445400,1.16008,1.16029,1.16004,1.16007,205,5,0,2021-11-09 08:10:00,1.1599588888888892,1.1601794999999995,
184,1636445700,1.16009,1.1601,1.15965,1.15976,263,5,0,2021-11-09 08:15:00,1.1599100000000004,1.1601524999999993,
185,1636446000,1.15975,1.15982,1.15958,1.15971,240,5,0,2021-11-09 08:20:00,1.1598633333333337,1.1601169999999994,
186,1636446300,1.15971,1.15971,1.15949,1.15952,136,5,0,2021-11-09 08:25:00,1.1598177777777783,1.1600699999999995,
187,1636446600,1.15951,1.15956,1.15928,1.1593499999999999,215,5,0,2021-11-09 08:30:00,1.1597633333333337,1.1600154999999994,
188,1636446900,1.1593499999999999,1.1593499999999999,1.15905,1.15921,210,5,0,2021-11-09 08:35:00,1.1596700000000004,1.1599794999999995,
189,1636447200,1.15918,1.15952,1.15918,1.1593499999999999,200,5,0,2021-11-09 08:40:00,1.1596322222222226,1.1599334999999995,
190,1636447500,1.1593499999999999,1.15949,1.15916,1.15933,264,5,0,2021-11-09 08:45:00,1.159593333333334,1.1598769999999994,
191,1636447800,1.15932,1.15958,1.15929,1.15931,221,5,0,2021-11-09 08:50:00,1.1595122222222227,1.1598139999999995,
192,1636448100,1.1593,1.15961,1.1593,1.15958,199,5,0,2021-11-09 08:55:00,1.1594577777777784,1.1597699999999995,
193,1636448400,1.15958,1.15964,1.15915,1.15942,422,5,0,2021-11-09 09:00:00,1.1594200000000003,1.1597249999999997,
194,1636448700,1.15941,1.15941,1.15885,1.15921,274,5,0,2021-11-09 09:05:00,1.1593644444444449,1.1596689999999998,
195,1636449000,1.15919,1.1593499999999999,1.1588,1.15888,285,5,0,2021-11-09 09:10:00,1.1592933333333335,1.159603,
196,1636449300,1.15887,1.159,1.15872,1.15884,220,5,0,2021-11-09 09:15:00,1.159236666666667,1.1595385,
197,1636449600,1.15884,1.15884,1.15839,1.15862,245,5,0,2021-11-09 09:20:00,1.1591711111111114,1.159473,
198,1636449900,1.1586400000000001,1.1586400000000001,1.15802,1.15833,348,5,0,2021-11-09 09:25:00,1.159057777777778,1.1593975,
199,1636450200,1.15834,1.1587399999999999,1.15828,1.15872,202,5,0,2021-11-09 09:30:00,1.1589900000000002,1.1593310000000001,1.1589177000000008
200,1636450500,1.1587399999999999,1.15895,1.15848,1.15852,370,5,0,2021-11-09 09:35:00,1.1589022222222225,1.1592725,1.158916100000001
201,1636450800,1.15853,1.15869,1.15844,1.15849,246,5,0,2021-11-09 09:40:00,1.1587811111111115,1.1592129999999998,1.158914450000001
202,1636451100,1.15852,1.15878,1.15842,1.1587399999999999,181,5,0,2021-11-09 09:45:00,1.1587055555555559,1.159148,1.158914950000001
203,1636451400,1.15877,1.15888,1.15871,1.15883,205,5,0,2021-11-09 09:50:00,1.1586633333333338,1.1590859999999998,1.158916100000001
204,1636451700,1.15881,1.15905,1.1588,1.15891,195,5,0,2021-11-09 09:55:00,1.1586666666666672,1.1590435,1.158917350000001
205,1636452000,1.15891,1.15894,1.1584699999999999,1.1584699999999999,176,5,0,2021-11-09 10:00:00,1.158625555555556,1.1589814999999999,1.158915150000001
206,1636452300,1.15849,1.1586400000000001,1.15828,1.1584,198,5,0,2021-11-09 10:05:00,1.1586011111111116,1.1589255,1.158913000000001
207,1636452600,1.15842,1.15867,1.15836,1.15862,238,5,0,2021-11-09 10:10:00,1.1586333333333338,1.1588889999999998,1.1589124500000012
208,1636452900,1.15862,1.15906,1.15854,1.15905,179,5,0,2021-11-09 10:15:00,1.1586700000000005,1.1588809999999998,1.158913350000001
209,1636453200,1.15907,1.15914,1.15872,1.15889,193,5,0,2021-11-09 10:20:00,1.1587111111111117,1.158858,1.1589124500000012
210,1636453500,1.15888,1.15897,1.1587,1.15873,169,5,0,2021-11-09 10:25:00,1.1587377777777783,1.1588279999999997,1.158908850000001
211,1636453800,1.1587399999999999,1.15895,1.15865,1.15886,149,5,0,2021-11-09 10:30:00,1.1587511111111117,1.1588054999999997,1.1589078500000012
212,1636454100,1.15883,1.15912,1.15865,1.15905,170,5,0,2021-11-09 10:35:00,1.1587755555555563,1.1587789999999998,1.1589077000000012
213,1636454400,1.15907,1.15939,1.15901,1.15939,179,5,0,2021-11-09 10:40:00,1.1588288888888896,1.1587774999999998,1.1589099000000012
214,1636454700,1.15941,1.15942,1.15905,1.1590799999999999,189,5,0,2021-11-09 10:45:00,1.1588966666666674,1.1587709999999996,1.1589111000000012
215,1636455000,1.1591,1.1592,1.1590799999999999,1.15915,139,5,0,2021-11-09 10:50:00,1.1589800000000006,1.1587844999999997,1.1589115000000012
216,1636455300,1.15916,1.15945,1.15914,1.1593499999999999,190,5,0,2021-11-09 10:55:00,1.1590611111111118,1.1588099999999995,1.158913450000001
217,1636455600,1.15929,1.15981,1.15918,1.15975,238,5,0,2021-11-09 11:00:00,1.1591388888888894,1.1588664999999996,1.158917150000001
218,1636455900,1.15975,1.1598,1.15924,1.15931,203,5,0,2021-11-09 11:05:00,1.1591855555555561,1.1589154999999995,1.158919200000001
219,1636456200,1.15933,1.15934,1.159,1.15918,170,5,0,2021-11-09 11:10:00,1.1592355555555562,1.1589384999999996,1.158919900000001
220,1636456500,1.1592,1.15927,1.1589800000000001,1.15927,154,5,0,2021-11-09 11:15:00,1.1592811111111117,1.1589759999999996,1.158921400000001
221,1636456800,1.15926,1.15977,1.15926,1.15972,176,5,0,2021-11-09 11:20:00,1.159355555555556,1.1590374999999997,1.158926150000001
222,1636457100,1.15972,1.15977,1.15957,1.15957,169,5,0,2021-11-09 11:25:00,1.159375555555556,1.1590789999999997,1.158931050000001
223,1636457400,1.1595,1.1596899999999999,1.15923,1.1592500000000001,211,5,0,2021-11-09 11:30:00,1.159394444444445,1.1590999999999998,1.158934900000001
224,1636457700,1.15923,1.15932,1.15911,1.15919,217,5,0,2021-11-09 11:35:00,1.1593988888888895,1.1591139999999998,1.158938050000001
225,1636458000,1.1592,1.1592500000000001,1.15906,1.15919,160,5,0,2021-11-09 11:40:00,1.1593811111111119,1.1591499999999997,1.158941800000001
226,1636458300,1.1592,1.15936,1.15911,1.15929,161,5,0,2021-11-09 11:45:00,1.1593300000000006,1.1591944999999995,1.158945400000001
227,1636458600,1.15928,1.15934,1.15899,1.15899,138,5,0,2021-11-09 11:50:00,1.159294444444445,1.1592129999999996,1.158947600000001
228,1636458900,1.1589800000000001,1.15911,1.1589800000000001,1.15904,208,5,0,2021-11-09 11:55:00,1.1592788888888894,1.1592124999999995,1.158949950000001
229,1636459200,1.15901,1.15951,1.159,1.15933,146,5,0,2021-11-09 12:00:00,1.1592855555555563,1.1592344999999997,1.158953250000001
230,1636459500,1.15934,1.15954,1.15919,1.15921,175,5,0,2021-11-09 12:05:00,1.1592288888888895,1.1592584999999997,1.158955600000001
231,1636459800,1.15921,1.15936,1.15901,1.15901,188,5,0,2021-11-09 12:10:00,1.1591666666666673,1.1592659999999997,1.158957650000001
232,1636460100,1.15903,1.15905,1.15891,1.15895,127,5,0,2021-11-09 12:15:00,1.159133333333334,1.1592609999999997,1.158958800000001
233,1636460400,1.15894,1.15904,1.15893,1.1589800000000001,101,5,0,2021-11-09 12:20:00,1.1591100000000005,1.1592404999999997,1.1589604000000011
234,1636460700,1.1589800000000001,1.159,1.15882,1.1589,66,5,0,2021-11-09 12:25:00,1.159077777777778,1.1592314999999997,1.158960900000001
235,1636461000,1.15889,1.15891,1.15868,1.1587399999999999,154,5,0,2021-11-09 12:30:00,1.159016666666667,1.1592109999999998,1.158961050000001
236,1636461300,1.1587399999999999,1.15881,1.15848,1.15861,139,5,0,2021-11-09 12:35:00,1.1589744444444448,1.1591739999999997,1.158960600000001
237,1636461600,1.15863,1.15927,1.15863,1.15907,265,5,0,2021-11-09 12:40:00,1.1589777777777779,1.1591399999999998,1.158962200000001
238,1636461900,1.1590799999999999,1.15912,1.15832,1.15835,293,5,0,2021-11-09 12:45:00,1.158868888888889,1.1590919999999998,1.1589594500000011
239,1636462200,1.1583700000000001,1.15845,1.15811,1.15843,203,5,0,2021-11-09 12:50:00,1.1587822222222224,1.1590544999999997,1.1589580000000013
240,1636462500,1.15843,1.15844,1.15777,1.15795,242,5,0,2021-11-09 12:55:00,1.1586644444444445,1.1589884999999998,1.1589544500000013
241,1636462800,1.15796,1.15816,1.15783,1.15802,236,5,0,2021-11-09 13:00:00,1.1585611111111112,1.1589034999999996,1.1589512000000013
242,1636463100,1.15797,1.1581,1.15787,1.1581,101,5,0,2021-11-09 13:05:00,1.1584633333333334,1.1588299999999998,1.1589487000000012
243,1636463400,1.1581299999999999,1.1581299999999999,1.1574200000000001,1.1575199999999999,299,5,0,2021-11-09 13:10:00,1.15831,1.1587435,1.1589427500000011
244,1636463700,1.15754,1.15795,1.1575199999999999,1.15775,214,5,0,2021-11-09 13:15:00,1.1582,1.1586715,1.158937650000001
245,1636464000,1.15773,1.1580300000000001,1.15773,1.15794,172,5,0,2021-11-09 13:20:00,1.1581255555555556,1.158609,1.158933300000001
246,1636464300,1.15794,1.15802,1.1577600000000001,1.1578,139,5,0,2021-11-09 13:25:00,1.1579844444444445,1.1585345,1.1589290500000011
247,1636464600,1.15779,1.15787,1.15741,1.15747,196,5,0,2021-11-09 13:30:00,1.1578866666666667,1.1584585,1.158923100000001
248,1636464900,1.15748,1.15765,1.15738,1.15747,130,5,0,2021-11-09 13:35:00,1.15778,1.15838,1.158916100000001
249,1636465200,1.15747,1.15766,1.15735,1.15736,206,5,0,2021-11-09 13:40:00,1.1577144444444447,1.1582815,1.1589088000000012
250,1636465500,1.15736,1.1575199999999999,1.15726,1.15732,168,5,0,2021-11-09 13:45:00,1.1576366666666669,1.1581869999999999,1.158903750000001
251,1636465800,1.15732,1.15741,1.1572,1.15724,164,5,0,2021-11-09 13:50:00,1.1575411111111114,1.1580985,1.158897100000001
252,1636466100,1.15723,1.15733,1.15708,1.15719,237,5,0,2021-11-09 13:55:00,1.1575044444444447,1.1580105,1.1588893000000011
253,1636466400,1.1571799999999999,1.1574,1.15692,1.15739,288,5,0,2021-11-09 14:00:00,1.1574644444444446,1.157931,1.158882150000001
254,1636466700,1.15738,1.15746,1.15722,1.15737,238,5,0,2021-11-09 14:05:00,1.1574011111111113,1.1578545,1.158874900000001
255,1636467000,1.15738,1.1577600000000001,1.15729,1.15762,180,5,0,2021-11-09 14:10:00,1.1573811111111114,1.1577985000000002,1.158869100000001
256,1636467300,1.15764,1.15778,1.15717,1.1571799999999999,194,5,0,2021-11-09 14:15:00,1.1573488888888892,1.1577270000000002,1.1588608000000011
257,1636467600,1.1572,1.1574200000000001,1.15711,1.15725,210,5,0,2021-11-09 14:20:00,1.1573244444444446,1.1576360000000003,1.158852850000001
258,1636467900,1.15726,1.15785,1.15721,1.15778,267,5,0,2021-11-09 14:25:00,1.1573711111111114,1.1576075000000003,1.158848100000001
259,1636468200,1.15777,1.15814,1.15743,1.15777,483,5,0,2021-11-09 14:30:00,1.1574211111111112,1.1575745000000004,1.158842100000001
260,1636468500,1.15777,1.15792,1.15756,1.15777,279,5,0,2021-11-09 14:35:00,1.15748,1.1575655000000002,1.1588367500000012
261,1636468800,1.15777,1.15836,1.15753,1.15836,441,5,0,2021-11-09 14:40:00,1.15761,1.1575825000000002,1.158833850000001
262,1636469100,1.15836,1.15859,1.15811,1.15857,427,5,0,2021-11-09 14:45:00,1.157741111111111,1.1576060000000001,1.158832000000001
263,1636469400,1.15856,1.15903,1.15828,1.15897,394,5,0,2021-11-09 14:50:00,1.157918888888889,1.1576785000000003,1.158831650000001
264,1636469700,1.15896,1.1595900000000001,1.15883,1.15957,476,5,0,2021-11-09 14:55:00,1.1581355555555557,1.1577695000000001,1.158834550000001
265,1636470000,1.15956,1.1599599999999999,1.15949,1.1598600000000001,374,5,0,2021-11-09 15:00:00,1.1584333333333334,1.1578655000000002,1.1588394500000012
266,1636470300,1.15988,1.1599599999999999,1.1591,1.15918,442,5,0,2021-11-09 15:05:00,1.1586477777777777,1.1579345,1.1588412500000012
267,1636470600,1.1592,1.1592,1.15887,1.15888,387,5,0,2021-11-09 15:10:00,1.1587699999999999,1.158005,1.1588420000000013
268,1636470900,1.15881,1.15918,1.15865,1.15906,235,5,0,2021-11-09 15:15:00,1.1589133333333335,1.1580845,1.1588438000000012
269,1636471200,1.15902,1.15968,1.15897,1.1595,323,5,0,2021-11-09 15:20:00,1.1591055555555556,1.1581915,1.1588481500000014
270,1636471500,1.15948,1.1595,1.15917,1.15937,333,5,0,2021-11-09 15:25:00,1.159217777777778,1.1582940000000002,1.1588518500000013
271,1636471800,1.15938,1.15973,1.15936,1.15937,374,5,0,2021-11-09 15:30:00,1.1593066666666667,1.1584005,1.1588555000000014
272,1636472100,1.15938,1.16004,1.15934,1.15977,495,5,0,2021-11-09 15:35:00,1.1593955555555555,1.1585294999999998,1.1588613000000014
273,1636472400,1.15977,1.16016,1.15953,1.1601,383,5,0,2021-11-09 15:40:00,1.1594544444444443,1.1586649999999998,1.1588693500000014
274,1636472700,1.16011,1.1608100000000001,1.16005,1.1606,591,5,0,2021-11-09 15:45:00,1.1595366666666667,1.1588264999999998,1.1588799000000014
275,1636473000,1.16061,1.16065,1.16033,1.16039,499,5,0,2021-11-09 15:50:00,1.159671111111111,1.1589649999999998,1.1588894000000014
276,1636473300,1.16039,1.16075,1.15988,1.16,710,5,0,2021-11-09 15:55:00,1.1597955555555555,1.1591059999999997,1.1588968500000012
277,1636473600,1.15999,1.16017,1.1588,1.15882,736,5,0,2021-11-09 16:00:00,1.1597688888888888,1.1591844999999996,1.1588978000000012
278,1636473900,1.15881,1.15892,1.15796,1.1580300000000001,725,5,0,2021-11-09 16:05:00,1.1596055555555556,1.1591969999999996,1.1588947000000014
279,1636474200,1.1580300000000001,1.15835,1.15794,1.15823,542,5,0,2021-11-09 16:10:00,1.159478888888889,1.1592199999999997,1.1588924000000014
280,1636474500,1.15828,1.15856,1.15763,1.15771,554,5,0,2021-11-09 16:15:00,1.1592944444444446,1.1592169999999997,1.1588875000000014
281,1636474800,1.15771,1.15839,1.15771,1.15831,353,5,0,2021-11-09 16:20:00,1.1591322222222225,1.1592144999999998,1.1588864000000012
282,1636475100,1.15832,1.1584699999999999,1.15781,1.15797,423,5,0,2021-11-09 16:25:00,1.1588955555555558,1.1591844999999998,1.1588831500000012
283,1636475400,1.15797,1.15857,1.15796,1.15841,481,5,0,2021-11-09 16:30:00,1.1586522222222224,1.1591564999999997,1.1588820000000013
284,1636475700,1.15842,1.15842,1.15777,1.15777,262,5,0,2021-11-09 16:35:00,1.1583611111111114,1.1590664999999998,1.1588784500000013
285,1636476000,1.15778,1.15801,1.15767,1.15788,288,5,0,2021-11-09 16:40:00,1.1581255555555559,1.1589674999999997,1.1588749000000014
286,1636476300,1.15789,1.15814,1.1575,1.15799,373,5,0,2021-11-09 16:45:00,1.1580333333333335,1.1589079999999998,1.1588714500000012
287,1636476600,1.158,1.15866,1.158,1.15833,398,5,0,2021-11-09 16:50:00,1.1580666666666668,1.1588804999999998,1.1588699500000015
288,1636476900,1.15833,1.15857,1.15812,1.1584699999999999,387,5,0,2021-11-09 16:55:00,1.1580933333333334,1.1588509999999999,1.1588690500000014
289,1636477200,1.15843,1.15855,1.15782,1.15795,363,5,0,2021-11-09 17:00:00,1.15812,1.1587734999999997,1.1588656500000014
290,1636477500,1.15795,1.15795,1.15741,1.15765,310,5,0,2021-11-09 17:05:00,1.1580466666666667,1.1586874999999996,1.1588616500000015
291,1636477800,1.15761,1.15782,1.15721,1.15734,330,5,0,2021-11-09 17:10:00,1.1579766666666667,1.158586,1.1588556500000016
292,1636478100,1.15734,1.15771,1.15722,1.15759,425,5,0,2021-11-09 17:15:00,1.1578855555555556,1.158477,1.1588504000000015
293,1636478400,1.15758,1.15769,1.15708,1.15763,484,5,0,2021-11-09 17:20:00,1.15787,1.1583535,1.1588455500000017
294,1636478700,1.15764,1.15778,1.15736,1.15762,262,5,0,2021-11-09 17:25:00,1.157841111111111,1.1582045,1.1588406500000017
295,1636479000,1.15763,1.15785,1.15755,1.15762,245,5,0,2021-11-09 17:30:00,1.1578,1.1580660000000003,1.1588355500000018
296,1636479300,1.15762,1.15774,1.15741,1.15762,273,5,0,2021-11-09 17:35:00,1.157721111111111,1.1579470000000003,1.1588299500000019
297,1636479600,1.15761,1.15834,1.15755,1.15834,244,5,0,2021-11-09 17:40:00,1.1577066666666669,1.1579230000000003,1.1588270000000018
298,1636479900,1.1583,1.15851,1.15816,1.15836,276,5,0,2021-11-09 17:45:00,1.1577522222222223,1.1579395000000001,1.1588248500000018
299,1636480200,1.15835,1.1586,1.15833,1.15849,220,5,0,2021-11-09 17:50:00,1.1578455555555558,1.1579525000000002,1.1588232000000018
300,1636480500,1.15842,1.15871,1.15842,1.1587,252,5,0,2021-11-09 17:55:00,1.1579966666666668,1.1580020000000002,1.1588237500000018
301,1636480800,1.1587,1.15886,1.15857,1.15884,202,5,0,2021-11-09 18:00:00,1.158135555555556,1.1580285000000001,1.1588248000000019
302,1636481100,1.15881,1.15891,1.15861,1.15891,148,5,0,2021-11-09 18:05:00,1.1582777777777782,1.1580755000000003,1.1588269000000018
303,1636481400,1.15893,1.15924,1.15882,1.159,210,5,0,2021-11-09 18:10:00,1.1584311111111116,1.1581050000000002,1.1588299500000019
304,1636481700,1.15904,1.15914,1.15884,1.15894,192,5,0,2021-11-09 18:15:00,1.1585777777777784,1.1581635000000001,1.1588330000000018
305,1636482000,1.15897,1.1593,1.15887,1.15928,230,5,0,2021-11-09 18:20:00,1.158762222222223,1.1582335000000001,1.1588386000000017
306,1636482300,1.15926,1.15928,1.15894,1.15906,130,5,0,2021-11-09 18:25:00,1.1588422222222228,1.158287,1.1588435500000016
307,1636482600,1.15906,1.1591,1.15882,1.15897,169,5,0,2021-11-09 18:30:00,1.1589100000000006,1.158319,1.1588481000000017
308,1636482900,1.15897,1.1592,1.15894,1.15904,185,5,0,2021-11-09 18:35:00,1.1589711111111116,1.1583475,1.1588530000000017
309,1636483200,1.15907,1.15916,1.15894,1.15897,153,5,0,2021-11-09 18:40:00,1.1590011111111116,1.1583985,1.1588572000000017
310,1636483500,1.15897,1.15911,1.15893,1.15909,70,5,0,2021-11-09 18:45:00,1.1590288888888896,1.1584705000000002,1.1588618500000016
311,1636483800,1.1591,1.1593499999999999,1.15896,1.15897,140,5,0,2021-11-09 18:50:00,1.159035555555556,1.158552,1.1588659500000018
312,1636484100,1.15896,1.1592500000000001,1.15882,1.15911,183,5,0,2021-11-09 18:55:00,1.1590477777777783,1.1586280000000002,1.1588695000000018
313,1636484400,1.15914,1.15926,1.15871,1.15896,348,5,0,2021-11-09 19:00:00,1.1590500000000006,1.1586945000000002,1.1588714500000017
314,1636484700,1.15897,1.15901,1.15867,1.15892,363,5,0,2021-11-09 19:05:00,1.1590100000000005,1.1587595,1.1588741500000017
315,1636485000,1.15892,1.1591,1.15889,1.15894,191,5,0,2021-11-09 19:10:00,1.1589966666666671,1.1588255,1.1588784500000018
316,1636485300,1.15896,1.1593499999999999,1.15891,1.15927,124,5,0,2021-11-09 19:15:00,1.1590300000000004,1.1589079999999998,1.1588836500000017
317,1636485600,1.15929,1.15937,1.15922,1.15934,76,5,0,2021-11-09 19:20:00,1.1590633333333338,1.158958,1.1588899000000017
318,1636485900,1.1593499999999999,1.1593499999999999,1.15897,1.1590799999999999,127,5,0,2021-11-09 19:25:00,1.1590755555555559,1.158994,1.1588958500000015
319,1636486200,1.1590799999999999,1.15915,1.15903,1.15911,96,5,0,2021-11-09 19:30:00,1.1590777777777783,1.1590250000000002,1.1589023000000016
320,1636486500,1.15912,1.15914,1.15899,1.15901,138,5,0,2021-11-09 19:35:00,1.1590822222222228,1.1590405000000001,1.1589074000000015
321,1636486800,1.15902,1.15902,1.15867,1.15872,121,5,0,2021-11-09 19:40:00,1.1590388888888894,1.1590345,1.1589074500000014
322,1636487100,1.15872,1.15903,1.15872,1.15901,105,5,0,2021-11-09 19:45:00,1.159044444444445,1.1590395,1.1589106500000015
323,1636487400,1.15902,1.15909,1.1589,1.1589800000000001,79,5,0,2021-11-09 19:50:00,1.1590511111111117,1.1590384999999999,1.1589136500000015
324,1636487700,1.15899,1.15901,1.15891,1.15897,53,5,0,2021-11-09 19:55:00,1.159054444444445,1.1590399999999998,1.1589173500000016
325,1636488000,1.1589800000000001,1.15909,1.15896,1.15904,73,5,0,2021-11-09 20:00:00,1.1590288888888896,1.159028,1.1589203000000017
326,1636488300,1.15903,1.15905,1.1589,1.1589,53,5,0,2021-11-09 20:05:00,1.1589800000000006,1.15902,1.1589231500000015
327,1636488600,1.15892,1.15907,1.15883,1.15907,90,5,0,2021-11-09 20:10:00,1.1589788888888894,1.159025,1.1589269000000015
328,1636488900,1.15906,1.15912,1.1589,1.1589800000000001,95,5,0,2021-11-09 20:15:00,1.158964444444445,1.1590219999999998,1.1589306500000016
329,1636489200,1.1589800000000001,1.1590799999999999,1.15892,1.15907,88,5,0,2021-11-09 20:20:00,1.1589711111111116,1.1590269999999998,1.1589348500000016
330,1636489500,1.1590799999999999,1.15933,1.1590799999999999,1.15931,101,5,0,2021-11-09 20:25:00,1.159036666666667,1.159038,1.1589401000000017
331,1636489800,1.1593,1.15932,1.15915,1.15928,78,5,0,2021-11-09 20:30:00,1.159066666666667,1.1590535,1.1589441500000017
332,1636490100,1.15927,1.15929,1.1592,1.15924,60,5,0,2021-11-09 20:35:00,1.159095555555556,1.15906,1.1589481000000017
333,1636490400,1.15923,1.15936,1.15916,1.15927,64,5,0,2021-11-09 20:40:00,1.1591288888888893,1.1590755,1.1589519500000016
334,1636490700,1.1592500000000001,1.15927,1.15914,1.15923,65,5,0,2021-11-09 20:45:00,1.1591500000000003,1.159091,1.1589547500000017
335,1636491000,1.15923,1.15934,1.15909,1.1592,98,5,0,2021-11-09 20:50:00,1.159183333333334,1.159104,1.1589580000000017
336,1636491300,1.15918,1.15945,1.1591,1.1594,125,5,0,2021-11-09 20:55:00,1.1592200000000004,1.1591105000000002,1.158961400000002
337,1636491600,1.15941,1.15979,1.15938,1.15972,160,5,0,2021-11-09 21:00:00,1.1593022222222227,1.1591295000000001,1.1589662500000018
338,1636491900,1.15973,1.15979,1.15965,1.15979,83,5,0,2021-11-09 21:05:00,1.1593822222222228,1.1591650000000002,1.1589721000000017
339,1636492200,1.15981,1.15982,1.1595900000000001,1.15962,82,5,0,2021-11-09 21:10:00,1.1594166666666674,1.1591905000000002,1.1589773500000016
340,1636492500,1.15961,1.15975,1.15955,1.15972,81,5,0,2021-11-09 21:15:00,1.1594655555555562,1.1592260000000003,1.1589843000000015
341,1636492800,1.15973,1.15976,1.15936,1.15941,109,5,0,2021-11-09 21:20:00,1.159484444444445,1.1592605000000005,1.1589892000000015
342,1636493100,1.1594,1.15945,1.15927,1.15928,52,5,0,2021-11-09 21:25:00,1.1594855555555563,1.1592740000000004,1.1589940000000016
343,1636493400,1.15928,1.1594,1.15917,1.15938,100,5,0,2021-11-09 21:30:00,1.1595022222222229,1.1592940000000005,1.1589985500000015
344,1636493700,1.15938,1.15942,1.15927,1.1593499999999999,69,5,0,2021-11-09 21:35:00,1.1595188888888894,1.1593130000000005,1.1590028500000016
345,1636494000,1.1593499999999999,1.15955,1.1593499999999999,1.15955,68,5,0,2021-11-09 21:40:00,1.1595355555555562,1.1593385000000003,1.1590058000000014
346,1636494300,1.15955,1.15956,1.15941,1.15943,68,5,0,2021-11-09 21:45:00,1.159503333333334,1.1593650000000004,1.1590070500000014
347,1636494600,1.15945,1.15955,1.15924,1.15955,146,5,0,2021-11-09 21:50:00,1.1594766666666674,1.1593890000000004,1.1590084500000015
348,1636494900,1.15952,1.15965,1.15946,1.15953,126,9,0,2021-11-09 21:55:00,1.1594666666666673,1.1594165000000003,1.1590094500000014
349,1636495200,1.15953,1.15961,1.15941,1.15942,95,10,0,2021-11-09 22:00:00,1.159433333333334,1.1594340000000005,1.1590094000000015
350,1636495500,1.15942,1.15954,1.15941,1.15943,44,9,0,2021-11-09 22:05:00,1.1594355555555564,1.1594400000000005,1.1590099500000013
351,1636495800,1.15942,1.15943,1.1593499999999999,1.15942,50,10,0,2021-11-09 22:10:00,1.1594511111111119,1.1594470000000006,1.1590103000000014
352,1636496100,1.15947,1.1595,1.15942,1.15942,45,10,0,2021-11-09 22:15:00,1.1594555555555561,1.1594560000000005,1.1590101500000016
353,1636496400,1.15943,1.15944,1.15938,1.15943,44,9,0,2021-11-09 22:20:00,1.159464444444445,1.1594640000000005,1.1590089000000015
354,1636496700,1.15941,1.15942,1.1593499999999999,1.15939,47,10,0,2021-11-09 22:25:00,1.1594466666666674,1.1594720000000005,1.1590069500000013
355,1636497000,1.1594,1.15947,1.1594,1.15945,37,10,0,2021-11-09 22:30:00,1.1594488888888896,1.1594845000000005,1.1590049000000013
356,1636497300,1.15945,1.15948,1.1592500000000001,1.15931,59,9,0,2021-11-09 22:35:00,1.159422222222223,1.1594800000000005,1.1590030500000013
357,1636497600,1.15931,1.15933,1.15929,1.15931,35,9,0,2021-11-09 22:40:00,1.1593977777777784,1.1594595000000005,1.1590000000000014
358,1636497900,1.15931,1.15942,1.1593,1.15941,51,9,0,2021-11-09 22:45:00,1.1593966666666673,1.1594405000000005,1.1589969500000015
359,1636498200,1.15941,1.15946,1.15937,1.15941,45,10,0,2021-11-09 22:50:00,1.159394444444445,1.1594300000000006,1.1589940500000013
360,1636498500,1.1594,1.15945,1.15922,1.15923,71,11,0,2021-11-09 22:55:00,1.1593733333333338,1.1594055000000005,1.1589903000000015
361,1636498800,1.1592500000000001,1.15931,1.15897,1.15924,10,16,0,2021-11-09 23:00:00,1.159353333333334,1.1593970000000007,1.1589863000000016
362,1636499100,1.15924,1.1592500000000001,1.15909,1.15916,16,18,0,2021-11-09 23:05:00,1.159323333333334,1.1593910000000007,1.1589819500000016
363,1636499400,1.15916,1.15926,1.15913,1.15916,11,19,0,2021-11-09 23:10:00,1.1592977777777782,1.1593800000000007,1.1589761500000015
364,1636499700,1.15916,1.15916,1.15905,1.15916,9,36,0,2021-11-09 23:15:00,1.159265555555556,1.1593705000000007,1.1589704500000013
365,1636500000,1.15916,1.15916,1.15906,1.15916,6,54,0,2021-11-09 23:20:00,1.1592488888888894,1.1593510000000007,1.1589641500000014
366,1636500300,1.15916,1.15916,1.15906,1.15916,7,35,0,2021-11-09 23:25:00,1.1592322222222229,1.1593375000000008,1.1589576500000012
367,1636500600,1.15916,1.15926,1.15909,1.1592,90,29,0,2021-11-09 23:30:00,1.1592088888888896,1.1593200000000006,1.1589514500000013
368,1636500900,1.15922,1.15923,1.15911,1.15916,18,24,0,2021-11-09 23:35:00,1.1591811111111119,1.1593015000000007,1.1589476000000014
369,1636501200,1.15916,1.15917,1.1591,1.15916,17,12,0,2021-11-09 23:40:00,1.159173333333334,1.1592885000000006,1.1589420500000014
370,1636501500,1.15917,1.15919,1.15916,1.15916,21,14,0,2021-11-09 23:45:00,1.159164444444445,1.1592750000000005,1.1589355500000014
371,1636501800,1.15916,1.1592,1.15914,1.15916,24,22,0,2021-11-09 23:50:00,1.159164444444445,1.1592620000000005,1.1589285000000011
372,1636502100,1.15916,1.15926,1.15907,1.15926,21,16,0,2021-11-09 23:55:00,1.159175555555556,1.1592540000000005,1.1589225000000012
373,1636502400,1.15922,1.15943,1.1592,1.15924,109,5,0,2021-11-10 00:00:00,1.159184444444445,1.1592445000000005,1.1589171000000011
374,1636502700,1.15926,1.15931,1.15924,1.15929,68,5,0,2021-11-10 00:05:00,1.1591988888888896,1.1592395000000004,1.1589119000000012
375,1636503000,1.15928,1.15936,1.15928,1.15931,76,5,0,2021-11-10 00:10:00,1.159215555555556,1.1592325000000006,1.1589074500000012
376,1636503300,1.15932,1.15933,1.1592,1.15923,63,5,0,2021-11-10 00:15:00,1.1592188888888895,1.1592285000000007,1.1589029500000012
377,1636503600,1.15924,1.15928,1.15921,1.1592500000000001,57,5,0,2021-11-10 00:20:00,1.1592288888888893,1.1592255000000005,1.1588995500000012
378,1636503900,1.15921,1.1592500000000001,1.15916,1.1592,63,5,0,2021-11-10 00:25:00,1.1592333333333338,1.1592150000000003,1.1588963500000014
379,1636504200,1.1592,1.15924,1.15917,1.15921,77,5,0,2021-11-10 00:30:00,1.1592388888888894,1.1592050000000005,1.1588921500000011
380,1636504500,1.1592,1.15939,1.1592,1.1593499999999999,61,5,0,2021-11-10 00:35:00,1.1592600000000006,1.1592110000000004,1.158890450000001
381,1636504800,1.1593499999999999,1.1593499999999999,1.15921,1.15923,88,5,0,2021-11-10 00:40:00,1.1592566666666673,1.1592105000000004,1.1588882000000011
382,1636505100,1.15924,1.15942,1.15921,1.15934,100,5,0,2021-11-10 00:45:00,1.1592677777777785,1.1592195000000003,1.1588847000000009
383,1636505400,1.15933,1.15939,1.15931,1.15933,61,5,0,2021-11-10 00:50:00,1.159272222222223,1.1592280000000004,1.1588810000000012
384,1636505700,1.15933,1.15937,1.15931,1.15937,38,5,0,2021-11-10 00:55:00,1.1592788888888894,1.1592385000000003,1.158879050000001
385,1636506000,1.1593499999999999,1.15948,1.15928,1.15945,112,5,0,2021-11-10 01:00:00,1.1593033333333338,1.1592530000000003,1.1588777500000011
386,1636506300,1.15943,1.15948,1.15915,1.15915,82,5,0,2021-11-10 01:05:00,1.1592922222222226,1.1592525000000005,1.158875900000001
387,1636506600,1.15915,1.15931,1.15913,1.1592500000000001,48,5,0,2021-11-10 01:10:00,1.1592977777777782,1.1592550000000004,1.1588754000000012
388,1636506900,1.15921,1.15934,1.15921,1.15928,70,5,0,2021-11-10 01:15:00,1.159305555555556,1.1592610000000003,1.158875750000001
389,1636507200,1.15923,1.1593499999999999,1.1592,1.1593499999999999,71,5,0,2021-11-10 01:20:00,1.159305555555556,1.1592705000000003,1.158875750000001
390,1636507500,1.15934,1.1593499999999999,1.15927,1.15927,62,5,0,2021-11-10 01:25:00,1.1593100000000005,1.1592760000000004,1.158875450000001
391,1636507800,1.15927,1.15937,1.15927,1.15931,89,5,0,2021-11-10 01:30:00,1.1593066666666672,1.1592835000000004,1.158875450000001
392,1636508100,1.15931,1.15939,1.15906,1.15912,94,5,0,2021-11-10 01:35:00,1.1592833333333337,1.1592765000000005,1.158873150000001
393,1636508400,1.15912,1.15918,1.15909,1.15915,54,5,0,2021-11-10 01:40:00,1.1592588888888895,1.1592720000000005,1.158871800000001
394,1636508700,1.15915,1.15918,1.15909,1.15913,52,5,0,2021-11-10 01:45:00,1.159223333333334,1.1592640000000007,1.158871400000001
395,1636509000,1.15914,1.15918,1.1591,1.15914,70,5,0,2021-11-10 01:50:00,1.1592222222222228,1.1592555000000007,1.158872700000001
396,1636509300,1.15915,1.15919,1.1590799999999999,1.1590799999999999,75,5,0,2021-11-10 01:55:00,1.1592033333333338,1.1592480000000005,1.158873900000001
397,1636509600,1.1590799999999999,1.15946,1.15907,1.15918,129,5,0,2021-11-10 02:00:00,1.1591922222222226,1.1592445000000005,1.1588767000000009
398,1636509900,1.15919,1.15919,1.15891,1.15893,53,5,0,2021-11-10 02:05:00,1.1591455555555559,1.1592310000000006,1.1588797000000008
399,1636510200,1.15893,1.15921,1.15893,1.15918,57,5,0,2021-11-10 02:10:00,1.159135555555556,1.1592295000000006,1.1588820000000009
400,1636510500,1.15919,1.15949,1.15919,1.15937,91,5,0,2021-11-10 02:15:00,1.159142222222223,1.1592305000000005,1.1588862500000008
401,1636510800,1.15938,1.15942,1.15921,1.15939,107,5,0,2021-11-10 02:20:00,1.159172222222223,1.1592385000000003,1.1588907500000007
402,1636511100,1.15939,1.15939,1.1591,1.15916,76,5,0,2021-11-10 02:25:00,1.159173333333334,1.1592295000000004,1.1588928500000009
403,1636511400,1.15916,1.15924,1.1589,1.15913,113,5,0,2021-11-10 02:30:00,1.159173333333334,1.1592195000000003,1.1588943500000009
404,1636511700,1.15916,1.15928,1.15916,1.15917,65,5,0,2021-11-10 02:35:00,1.1591766666666672,1.1592095000000004,1.158895650000001
405,1636512000,1.15915,1.15927,1.15911,1.15911,111,5,0,2021-11-10 02:40:00,1.1591800000000005,1.1591925000000003,1.1588988500000008
406,1636512300,1.15909,1.15916,1.1588,1.15913,144,5,0,2021-11-10 02:45:00,1.159174444444445,1.1591915000000004,1.1589025000000008
407,1636512600,1.15914,1.15934,1.15913,1.15921,115,5,0,2021-11-10 02:50:00,1.159205555555556,1.1591895000000005,1.158905450000001
408,1636512900,1.15922,1.15928,1.15909,1.15912,90,5,0,2021-11-10 02:55:00,1.1591988888888891,1.1591815000000005,1.1589058000000008
409,1636513200,1.15911,1.15918,1.15896,1.15901,129,5,0,2021-11-10 03:00:00,1.159158888888889,1.1591645000000006,1.1589064000000007
410,1636513500,1.159,1.15902,1.15883,1.15896,133,6,0,2021-11-10 03:05:00,1.1591111111111114,1.1591490000000007,1.1589075500000008
411,1636513800,1.15897,1.15897,1.1587,1.15873,70,5,0,2021-11-10 03:10:00,1.1590633333333336,1.1591200000000004,1.1589069000000007
412,1636514100,1.15872,1.15891,1.15872,1.15885,76,5,0,2021-11-10 03:15:00,1.1590322222222225,1.1591065000000005,1.1589059000000008
413,1636514400,1.15885,1.15889,1.15877,1.15883,47,5,0,2021-11-10 03:20:00,1.1589944444444447,1.1590905000000002,1.1589031000000007
414,1636514700,1.15884,1.15887,1.15873,1.15887,50,5,0,2021-11-10 03:25:00,1.158967777777778,1.1590775000000002,1.158902050000001
415,1636515000,1.15887,1.15888,1.15862,1.15866,101,5,0,2021-11-10 03:30:00,1.158915555555556,1.1590535000000002,1.1588996000000007
416,1636515300,1.15866,1.1588,1.15863,1.15872,103,5,0,2021-11-10 03:35:00,1.1588611111111116,1.1590355000000003,1.1588964500000007
417,1636515600,1.15873,1.15873,1.1583700000000001,1.1583700000000001,84,5,0,2021-11-10 03:40:00,1.1587777777777781,1.1589950000000004,1.1588895500000007
418,1636515900,1.1583700000000001,1.15855,1.15829,1.15854,69,5,0,2021-11-10 03:45:00,1.158725555555556,1.1589755000000002,1.1588857000000006
419,1636516200,1.15854,1.15854,1.15833,1.1585,84,5,0,2021-11-10 03:50:00,1.1586744444444448,1.1589415000000003,1.1588823000000006
420,1636516500,1.15849,1.1586400000000001,1.15844,1.1585,91,5,0,2021-11-10 03:55:00,1.1586488888888893,1.1588980000000002,1.1588784500000007
421,1636516800,1.1585,1.15853,1.15844,1.1585,72,5,0,2021-11-10 04:00:00,1.1586100000000004,1.1588535000000004,1.1588723500000007
422,1636517100,1.1585,1.15862,1.1585,1.15857,40,5,0,2021-11-10 04:05:00,1.1585811111111117,1.1588240000000005,1.1588673500000006
423,1636517400,1.1586,1.15865,1.15823,1.15833,79,5,0,2021-11-10 04:10:00,1.1585211111111116,1.1587840000000003,1.1588627500000008
424,1636517700,1.15833,1.1584,1.15823,1.15835,63,5,0,2021-11-10 04:15:00,1.1584866666666673,1.1587430000000003,1.1588585500000008
425,1636518000,1.15836,1.1584699999999999,1.15836,1.15843,57,5,0,2021-11-10 04:20:00,1.1584544444444451,1.1587090000000002,1.158854750000001
426,1636518300,1.15844,1.15867,1.15843,1.1586400000000001,62,5,0,2021-11-10 04:25:00,1.158484444444445,1.1586845000000001,1.158851500000001
427,1636518600,1.1586400000000001,1.1587399999999999,1.1586,1.15869,73,5,0,2021-11-10 04:30:00,1.1585011111111116,1.1586585,1.158850000000001
428,1636518900,1.15869,1.1587,1.15859,1.1586400000000001,55,5,0,2021-11-10 04:35:00,1.1585166666666673,1.1586344999999998,1.158848000000001
429,1636519200,1.15865,1.15865,1.1585,1.15854,105,5,0,2021-11-10 04:40:00,1.1585211111111118,1.1586109999999998,1.1588440500000008
430,1636519500,1.15853,1.15854,1.15838,1.1584,62,5,0,2021-11-10 04:45:00,1.1585100000000006,1.1585829999999997,1.1588400000000008
431,1636519800,1.15839,1.15846,1.1583,1.1583700000000001,38,5,0,2021-11-10 04:50:00,1.1584877777777784,1.1585649999999998,1.1588368000000009
432,1636520100,1.1583700000000001,1.1584,1.15833,1.1583700000000001,27,5,0,2021-11-10 04:55:00,1.158492222222223,1.158541,1.1588339000000007
433,1636520400,1.15839,1.15843,1.15833,1.15836,84,5,0,2021-11-10 05:00:00,1.158493333333334,1.1585174999999999,1.1588308000000007
434,1636520700,1.15838,1.15839,1.15827,1.15827,67,5,0,2021-11-10 05:05:00,1.1584755555555564,1.1584875000000001,1.1588276500000005
435,1636521000,1.15826,1.15827,1.1581299999999999,1.15821,70,5,0,2021-11-10 05:10:00,1.1584277777777787,1.158465,1.1588250000000007
436,1636521300,1.15822,1.15836,1.1582,1.15836,52,5,0,2021-11-10 05:15:00,1.158391111111112,1.158447,1.1588237500000005
437,1636521600,1.15836,1.15838,1.15822,1.15823,53,5,0,2021-11-10 05:20:00,1.1583455555555564,1.15844,1.1588195500000005
438,1636521900,1.15826,1.15828,1.1581299999999999,1.15816,74,5,0,2021-11-10 05:25:00,1.1583033333333341,1.158421,1.1588186000000005
439,1636522200,1.15816,1.15834,1.15815,1.15829,71,5,0,2021-11-10 05:30:00,1.158291111111112,1.1584105,1.1588179000000003
440,1636522500,1.1583,1.15836,1.15829,1.15833,49,5,0,2021-11-10 05:35:00,1.1582866666666676,1.158402,1.1588198000000005
441,1636522800,1.15833,1.15841,1.15833,1.1583700000000001,88,5,0,2021-11-10 05:40:00,1.1582866666666676,1.1583955,1.1588215500000003
442,1636523100,1.15836,1.1583700000000001,1.15821,1.15821,74,5,0,2021-11-10 05:45:00,1.1582700000000008,1.1583774999999998,1.1588221000000005
443,1636523400,1.15821,1.15838,1.15816,1.15836,69,5,0,2021-11-10 05:50:00,1.1582800000000009,1.158379,1.1588263000000003
444,1636523700,1.1583700000000001,1.15844,1.15832,1.15838,70,5,0,2021-11-10 05:55:00,1.1582988888888897,1.1583805000000003,1.1588294500000003
445,1636524000,1.15838,1.15845,1.1583700000000001,1.1584,57,5,0,2021-11-10 06:00:00,1.1583033333333341,1.1583790000000003,1.1588317500000003
446,1636524300,1.1584,1.1584699999999999,1.15827,1.1583,73,5,0,2021-11-10 06:05:00,1.158311111111112,1.1583620000000001,1.1588342500000004
447,1636524600,1.15831,1.15833,1.15802,1.15807,67,5,0,2021-11-10 06:10:00,1.1583011111111121,1.158331,1.1588372500000004
448,1636524900,1.15807,1.15808,1.15785,1.1580300000000001,74,5,0,2021-11-10 06:15:00,1.158272222222223,1.1583005000000002,1.1588400500000005
449,1636525200,1.1580300000000001,1.15806,1.15792,1.15802,67,5,0,2021-11-10 06:20:00,1.1582377777777788,1.1582745000000003,1.1588433500000004
450,1636525500,1.1580300000000001,1.15815,1.1580300000000001,1.1581299999999999,69,5,0,2021-11-10 06:25:00,1.158211111111112,1.1582610000000002,1.1588474000000004
451,1636525800,1.15811,1.1581299999999999,1.15796,1.15796,95,5,0,2021-11-10 06:30:00,1.1581833333333345,1.1582405000000002,1.1588510000000003
452,1636526100,1.15799,1.158,1.15786,1.15797,62,5,0,2021-11-10 06:35:00,1.158140000000001,1.1582205,1.1588549000000006
453,1636526400,1.15799,1.1580300000000001,1.1577600000000001,1.15786,98,5,0,2021-11-10 06:40:00,1.1580822222222233,1.1581955000000002,1.1588572500000005
454,1636526700,1.15786,1.15797,1.15784,1.15784,45,5,0,2021-11-10 06:45:00,1.1580200000000012,1.158174,1.1588596000000004
455,1636527000,1.15786,1.15788,1.15772,1.15777,48,5,0,2021-11-10 06:50:00,1.157961111111112,1.1581519999999998,1.1588603500000005
456,1636527300,1.15778,1.15778,1.15768,1.15772,56,5,0,2021-11-10 06:55:00,1.157922222222223,1.15812,1.1588630500000006
457,1636527600,1.15772,1.15799,1.15771,1.15799,66,5,0,2021-11-10 07:00:00,1.1579177777777785,1.1581080000000001,1.1588667500000005
458,1636527900,1.15799,1.15801,1.15786,1.15793,64,5,0,2021-11-10 07:05:00,1.1579077777777786,1.1580965000000003,1.1588675000000004
459,1636528200,1.15798,1.15799,1.15782,1.15782,57,5,0,2021-11-10 07:10:00,1.1578733333333342,1.1580730000000004,1.1588677500000004
460,1636528500,1.15782,1.15787,1.1577600000000001,1.1577600000000001,60,5,0,2021-11-10 07:15:00,1.157851111111112,1.1580445000000004,1.1588677000000005
461,1636528800,1.15777,1.15778,1.15769,1.15771,46,5,0,2021-11-10 07:20:00,1.1578222222222232,1.1580115000000002,1.1588644500000005
462,1636529100,1.15772,1.15786,1.15768,1.15784,71,5,0,2021-11-10 07:25:00,1.157820000000001,1.1579930000000003,1.1588608000000005
463,1636529400,1.15782,1.15782,1.15766,1.15769,46,5,0,2021-11-10 07:30:00,1.1578033333333344,1.1579595000000003,1.1588544000000005
464,1636529700,1.15768,1.15772,1.15764,1.15767,77,5,0,2021-11-10 07:35:00,1.1577922222222232,1.1579240000000002,1.1588449000000005
465,1636530000,1.15768,1.15795,1.15767,1.15795,117,5,0,2021-11-10 07:40:00,1.1578177777777787,1.1579015000000001,1.1588353500000004
466,1636530300,1.15794,1.15814,1.15792,1.1581299999999999,120,5,0,2021-11-10 07:45:00,1.1578333333333344,1.157893,1.1588301000000003
467,1636530600,1.15812,1.15817,1.15794,1.15816,104,5,0,2021-11-10 07:50:00,1.1578588888888899,1.1578975000000002,1.1588265000000004
468,1636530900,1.15816,1.15819,1.15786,1.15795,78,5,0,2021-11-10 07:55:00,1.1578733333333342,1.1578935000000001,1.1588209500000004
469,1636531200,1.15795,1.15797,1.15743,1.15755,217,5,0,2021-11-10 08:00:00,1.157850000000001,1.1578700000000002,1.1588112000000002
470,1636531500,1.15755,1.15765,1.15743,1.15745,142,5,0,2021-11-10 08:05:00,1.1578211111111123,1.157836,1.1588016000000003
471,1636531800,1.15745,1.1575199999999999,1.15728,1.15732,257,5,0,2021-11-10 08:10:00,1.1577633333333344,1.157804,1.1587913500000004
472,1636532100,1.15731,1.15733,1.15696,1.15724,224,5,0,2021-11-10 08:15:00,1.1577133333333345,1.1577675000000003,1.1587787000000003
473,1636532400,1.15723,1.15741,1.15705,1.15717,210,5,0,2021-11-10 08:20:00,1.157657777777779,1.1577330000000003,1.1587640500000003
474,1636532700,1.15716,1.15734,1.15714,1.15717,134,5,0,2021-11-10 08:25:00,1.1575711111111124,1.1576995000000003,1.1587469000000004
475,1636533000,1.15716,1.15717,1.15639,1.15647,336,5,0,2021-11-10 08:30:00,1.1573866666666681,1.1576345000000003,1.1587273000000005
476,1636533300,1.15644,1.15656,1.15629,1.15638,294,5,0,2021-11-10 08:35:00,1.1571888888888902,1.1575675000000003,1.1587092000000005
477,1636533600,1.15637,1.15647,1.15614,1.15646,220,5,0,2021-11-10 08:40:00,1.1570233333333348,1.157491,1.1586974000000005
478,1636533900,1.15645,1.15651,1.1557,1.15651,324,5,0,2021-11-10 08:45:00,1.1569077777777794,1.1574200000000001,1.1586898000000005
479,1636534200,1.15649,1.15677,1.15648,1.15666,166,5,0,2021-11-10 08:50:00,1.1568200000000015,1.157362,1.1586819500000005
480,1636534500,1.15665,1.15689,1.15664,1.15682,209,5,0,2021-11-10 08:55:00,1.1567644444444458,1.157315,1.1586775000000005
481,1636534800,1.15682,1.15714,1.15663,1.15686,326,5,0,2021-11-10 09:00:00,1.1567222222222238,1.1572725,1.1586702500000006
482,1636535100,1.15688,1.15727,1.15688,1.15701,297,5,0,2021-11-10 09:05:00,1.1567044444444459,1.157231,1.1586654500000007
483,1636535400,1.15701,1.15701,1.15671,1.1569,235,5,0,2021-11-10 09:10:00,1.1566744444444457,1.1571915,1.1586579000000006
484,1636535700,1.1569099999999999,1.15704,1.1565699999999999,1.15702,290,5,0,2021-11-10 09:15:00,1.1567355555555567,1.1571589999999998,1.1586541500000005
485,1636536000,1.15702,1.1571,1.15673,1.15677,284,5,0,2021-11-10 09:20:00,1.15677888888889,1.1571,1.1586486000000005
486,1636536300,1.15672,1.1569,1.15665,1.15687,206,5,0,2021-11-10 09:25:00,1.1568244444444453,1.157037,1.1586430000000005
487,1636536600,1.15687,1.15708,1.15673,1.1569099999999999,256,5,0,2021-11-10 09:30:00,1.1568688888888898,1.1569745,1.1586359000000004
488,1636536900,1.1569,1.15693,1.15671,1.15676,203,5,0,2021-11-10 09:35:00,1.156880000000001,1.1569150000000001,1.1586273500000004
489,1636537200,1.15677,1.15699,1.15648,1.15655,219,5,0,2021-11-10 09:40:00,1.156850000000001,1.156865,1.1586203500000005
490,1636537500,1.1565400000000001,1.15684,1.15645,1.15684,133,5,0,2021-11-10 09:45:00,1.1568477777777788,1.1568345,1.1586163000000005
491,1636537800,1.15683,1.15688,1.15658,1.1568,187,5,0,2021-11-10 09:50:00,1.1568244444444455,1.1568085,1.1586136000000005
492,1636538100,1.1568100000000001,1.1568100000000001,1.15615,1.15634,234,5,0,2021-11-10 09:55:00,1.1567622222222234,1.1567634999999998,1.1586073500000005
493,1636538400,1.15635,1.15647,1.15598,1.15598,303,5,0,2021-11-10 10:00:00,1.156646666666668,1.156704,1.1585991000000004
494,1636538700,1.15602,1.15627,1.15592,1.15613,188,5,0,2021-11-10 10:05:00,1.1565755555555566,1.1566519999999998,1.1585916500000004
495,1636539000,1.15612,1.15617,1.1559599999999999,1.15615,166,5,0,2021-11-10 10:10:00,1.1564955555555567,1.156636,1.1585843000000002
496,1636539300,1.15617,1.15638,1.15611,1.15624,154,5,0,2021-11-10 10:15:00,1.1564211111111122,1.1566290000000001,1.1585774000000002
497,1636539600,1.15623,1.15632,1.1559300000000001,1.15631,239,5,0,2021-11-10 10:20:00,1.1563711111111123,1.1566215000000002,1.1585672500000002
498,1636539900,1.15633,1.15678,1.15626,1.15673,181,5,0,2021-11-10 10:25:00,1.1563911111111123,1.1566325000000002,1.1585591000000002
499,1636540200,1.15674,1.15758,1.15674,1.15728,237,5,0,2021-11-10 10:30:00,1.156440000000001,1.1566635,1.15855305
